week_ending,trade_week,bias,static_bias,signal,static_signal,return,static_return,raw_return,prediction_timestamp,entry_timestamp,exit_timestamp,trade_timestamp,entry_source,recursive_bias,recursive_category,expected_return,corridor_low,corridor_high,direction,entry_price,exit_price,gross_return,transaction_cost,net_return,position,stop_price,target_price,stop_hit,target_hit,prior_archetype,prior_warning,realized_return,prediction_error,recursive_expected_return,stopped,stop_reason,size,regime,confidence,archetype,contained,equity,drawdown,capital
2024-06-28,2024-07-05,-0.083,0.059,-1,1,-0.013935483737679444,0.010935483737679441,-0.012435483737679442,2024-06-28 21:00:00+00:00,2024-06-28,2024-07-05,2024-06-28,weekly_close,-0.083,NEUTRAL,-0.0037,5049.64,5309.58,-1,5198.673084080123,5263.3210986747135,-0.012435483737679442,0.0015000000000000013,-0.013935483737679444,1.0,5309.58,5049.64,False,False,COUNTER_TREND_EXHAUSTION,True,0.012435483737679442,-0.016135483737679444,-0.0037,False,,1.0,0,0.083,UNCLASSIFIED_DISPERSION,True,0.9860645162623205,0.0,9860.645162623205
2024-07-05,2024-07-12,0.138,0.066,1,1,0.009797523043254375,0.009797523043254375,0.011297523043254376,2024-07-05 21:00:00+00:00,2024-07-05,2024-07-12,2024-07-05,weekly_close,0.138,NEUTRAL,0.0073,5186.18,5417.76,1,5263.3210986747135,5322.783590071038,0.011297523043254376,0.0015000000000000013,0.009797523043254375,1.0,5186.18,5417.76,False,False,UNCLASSIFIED_DISPERSION,True,0.011297523043254376,-0.003997523043254376,0.0073,False,,1.0,0,0.138,IN_LINE_ACCURATE,True,0.995725506082536,0.0,9957.25506082536
2024-07-12,2024-07-19,0.221,0.051,1,1,-0.006627338092811073,-0.006627338092811073,-0.0051273380928110734,2024-07-12 21:00:00+00:00,2024-07-12,2024-07-19,2024-07-12,weekly_close,0.221,NEUTRAL,0.0119,5269.2,5503.41,1,5322.783590071038,5295.491879009877,-0.0051273380928110734,0.0014999999999999996,-0.006627338092811073,1.0,5269.2,5503.41,False,False,UNCLASSIFIED_DISPERSION,True,-0.0051273380928110734,0.017027338092811074,0.0119,False,,1.0,1,0.221,UNCLASSIFIED_DISPERSION,True,0.9891264965060916,-0.006627338092811019,9891.264965060916
2024-07-19,2024-07-26,0.104,0.027,1,0,-0.018006847901392897,0.0,-0.016506847901392896,2024-07-19 21:00:00+00:00,2024-07-19,2024-07-26,2024-07-19,weekly_close,0.104,NEUTRAL,0.0055,5208.08,5441.08,1,5295.491879009877,5208.08,-0.016506847901392896,0.0015000000000000013,-0.018006847901392897,1.0,5208.08,5441.08,True,False,UNCLASSIFIED_DISPERSION,True,-0.0213549209344025,0.026854920934402497,0.0055,True,stop,1.0,0,0.104,UNCLASSIFIED_DISPERSION,False,0.9713154461282688,-0.024514848525175603,9713.154461282687
2024-07-26,2024-08-02,0.317,0.011,1,0,0.010613588121499762,0.0,0.012113588121499763,2024-07-26 21:00:00+00:00,2024-07-26,2024-08-02,2024-07-26,weekly_close,0.317,BULLISH_BIAS,0.0175,5143.63,5402.75,1,5182.407068624851,5245.184613332121,0.012113588121499763,0.0015000000000000013,0.010613588121499762,1.0,5143.63,5402.75,False,False,COUNTER_TREND_EXHAUSTION,True,0.012113588121499763,0.0053864118785002385,0.0175,False,,1.0,0,0.317,IN_LINE_ACCURATE,True,0.981624588209525,-0.014161450908782958,9816.24588209525
2024-08-02,2024-08-09,0.084,-0.007,1,0,-0.0011843345946244686,0.0,0.00031566540537553145,2024-08-02 21:00:00+00:00,2024-08-02,2024-08-09,2024-08-02,weekly_close,0.084,NEUTRAL,0.0038,5160.14,5369.95,1,5245.184613332121,5246.840336659358,0.00031566540537553145,0.0015,-0.0011843345946244686,1.0,5160.14,5369.95,False,False,NONE,False,0.00031566540537553145,0.0034843345946244685,0.0038,False,,1.0,-1,0.084,IN_LINE_ACCURATE,True,0.9804620162507746,-0.015329013607186082,9804.620162507746
2024-08-09,2024-08-16,-0.279,0.024,-1,0,0.0059286120941198246,0.0,0.007428612094119824,2024-08-09 21:00:00+00:00,2024-08-09,2024-08-16,2024-08-09,weekly_close,-0.279,BEARISH_BIAS,-0.0129,5074.48,5284.35,-1,5246.840336659358,5207.863595078535,0.007428612094119824,0.0014999999999999996,0.0059286120941198246,1.0,5284.35,5074.48,False,False,NONE,False,-0.007428612094119824,-0.005471387905880176,-0.0129,False,,1.0,-1,0.279,IN_LINE_ACCURATE,True,0.986274795218144,-0.009491281288528719,9862.74795218144
2024-08-16,2024-08-23,-0.104,0.094,-1,1,-0.0017467482029515633,-0.0012532517970484367,-0.0002467482029515633,2024-08-16 21:00:00+00:00,2024-08-16,2024-08-23,2024-08-16,weekly_close,-0.104,NEUTRAL,-0.0055,5064.47,5293.62,-1,5207.863595078535,5209.148626061837,-0.0002467482029515633,0.0015,-0.0017467482029515633,1.0,5293.62,5064.47,False,False,UNCLASSIFIED_DISPERSION,True,0.0002467482029515633,-0.005746748202951563,-0.0055,False,,1.0,-1,0.104,UNCLASSIFIED_DISPERSION,True,0.9845520214919803,-0.011221450612945882,9845.520214919803
2024-08-23,2024-08-30,0.554,-0.127,1,-1,0.011329615496820156,-0.014329615496820158,0.012829615496820157,2024-08-23 21:00:00+00:00,2024-08-23,2024-08-30,2024-08-23,weekly_close,0.554,BULLISH_BIAS,0.0348,5275.98,5505.18,1,5209.148626061837,5275.98,0.012829615496820157,0.0015000000000000013,0.011329615496820156,1.0,5275.98,5505.18,True,False,UNCLASSIFIED_DISPERSION,True,-0.0013623264749961228,0.03616232647499612,0.0348,True,stop,1.0,-1,0.554,UNCLASSIFIED_DISPERSION,False,0.9957066173321014,-1.896983688698395e-05,9957.066173321015
2024-08-30,2024-09-06,-0.036,0.06,0,1,0.0,0.015487463495360398,0.0,2024-08-30 21:00:00+00:00,2024-08-30,2024-09-06,2024-08-30,weekly_close,-0.036,NEUTRAL,-0.003,5056.35,5316.45,0,5202.052064976363,5202.052064976363,0.0,0.0,0.0,1.0,,,False,False,COUNTER_TREND_EXHAUSTION,True,0.0169874634953604,-0.0199874634953604,-0.003,False,,1.0,-1,0.036,MACRO_DECOUPLING,True,0.9957066173321014,-1.896983688698395e-05,9957.066173321015
2024-09-06,2024-09-13,0.022,0.084,0,1,0.0,0.005073660848261609,0.0,2024-09-06 21:00:00+00:00,2024-09-06,2024-09-13,2024-09-06,weekly_close,0.022,NEUTRAL,0.0002,5159.27,5423.79,0,5290.4217345311135,5290.4217345311135,0.0,0.0,0.0,1.0,,,False,False,COUNTER_TREND_EXHAUSTION,True,0.006573660848261609,-0.006373660848261609,0.0002,False,,1.0,0,0.022,IN_LINE_ACCURATE,True,0.9957066173321014,-1.896983688698395e-05,9957.066173321015
2024-09-13,2024-09-20,0.116,0.097,1,1,0.013910124449173111,0.013910124449173111,0.015410124449173113,2024-09-13 21:00:00+00:00,2024-09-13,2024-09-20,2024-09-13,weekly_close,0.116,NEUTRAL,0.0055,5221.33,5487.59,1,5325.199172758193,5407.26115472703,0.015410124449173113,0.0015000000000000013,0.013910124449173111,1.0,5221.33,5487.59,False,False,COUNTER_TREND_EXHAUSTION,True,0.015410124449173113,-0.009910124449173113,0.0055,False,,1.0,0,0.116,IN_LINE_ACCURATE,True,1.009557020294056,0.0,10095.57020294056
2024-09-20,2024-09-27,0.181,0.072,1,1,0.0327333835885007,0.0327333835885007,0.0342333835885007,2024-09-20 21:00:00+00:00,2024-09-20,2024-09-27,2024-09-20,weekly_close,0.181,NEUTRAL,0.0092,5322.01,5592.37,1,5407.26115472703,5592.37,0.0342333835885007,0.0015000000000000013,0.0327333835885007,1.0,5322.01,5592.37,False,True,COUNTER_TREND_EXHAUSTION,True,0.03471301596543053,-0.025513015965430527,0.0092,True,target,1.0,0,0.181,COUNTER_TREND_EXHAUSTION,False,1.042603237493805,0.0,10426.03237493805
2024-09-27,2024-10-04,0.23,-0.012,1,0,-0.011087819034761692,0.0,-0.009587819034761691,2024-09-27 21:00:00+00:00,2024-09-27,2024-10-04,2024-09-27,weekly_close,0.23,NEUTRAL,0.0124,5541.32,5787.49,1,5594.963497520322,5541.32,-0.009587819034761691,0.0015000000000000013,-0.011087819034761692,1.0,5541.32,5787.49,True,False,UNCLASSIFIED_DISPERSION,True,-0.015887438394597164,0.028287438394597166,0.0124,True,stop,1.0,0,0.23,UNCLASSIFIED_DISPERSION,False,1.0310430414714171,-0.011087819034761637,10310.430414714172
2024-10-04,2024-10-11,-0.467,-0.091,-1,-1,0.004168986727963344,0.004168986727963344,0.005668986727963343,2024-10-04 21:00:00+00:00,2024-10-04,2024-10-11,2024-10-04,weekly_close,-0.467,BEARISH_BIAS,-0.0277,5232.59,5474.86,-1,5506.073859633448,5474.86,0.005668986727963343,0.0014999999999999996,0.004168986727963344,1.0,5474.86,5232.59,True,False,UNCLASSIFIED_DISPERSION,True,0.0033539349332205592,-0.031053934933220558,-0.0277,True,stop,1.0,0,0.467,VOLATILITY_LIQUIDATION,False,1.0353414462272703,-0.006965057277196318,10353.414462272704
2024-10-11,2024-10-18,0.108,-0.151,1,-1,-2.1532154959645698e-05,-0.0029784678450403544,0.0014784678450403543,2024-10-11 21:00:00+00:00,2024-10-11,2024-10-18,2024-10-11,weekly_close,0.108,NEUTRAL,0.0057,5434.76,5677.84,1,5524.540873096165,5532.708729135649,0.0014784678450403543,0.0015,-2.1532154959645698e-05,1.0,5434.76,5677.84,False,False,UNCLASSIFIED_DISPERSION,True,0.0014784678450403543,0.004221532154959646,0.0057,False,,1.0,0,0.108,IN_LINE_ACCURATE,True,1.035319153094814,-0.006986439459463312,10353.191530948141
2024-10-18,2024-10-25,0.373,-0.044,1,0,0.03205178039589801,0.0,0.03355178039589801,2024-10-18 21:00:00+00:00,2024-10-18,2024-10-25,2024-10-18,weekly_close,0.373,BULLISH_BIAS,0.0211,5527.77,5771.21,1,5532.708729135649,5718.340957410076,0.03355178039589801,0.0015000000000000013,0.03205178039589801,1.0,5527.77,5771.21,False,False,UNCLASSIFIED_DISPERSION,True,0.03355178039589801,-0.012451780395898011,0.0211,False,,1.0,0,0.373,IN_LINE_ACCURATE,True,1.0685029752294761,0.0,10685.029752294762
2024-10-25,2024-11-01,0.236,-0.086,1,-1,0.021951600966409857,-0.02495160096640986,0.023451600966409858,2024-10-25 21:00:00+00:00,2024-10-25,2024-11-01,2024-10-25,weekly_close,0.236,NEUTRAL,0.0128,5665.72,5917.33,1,5718.340957410076,5852.445207733135,0.023451600966409858,0.0015000000000000013,0.021951600966409857,1.0,5665.72,5917.33,False,False,UNCLASSIFIED_DISPERSION,True,0.023451600966409858,-0.010651600966409857,0.0128,False,,1.0,0,0.236,IN_LINE_ACCURATE,True,1.0919583261731352,0.0,10919.583261731352
2024-11-01,2024-11-08,0.033,-0.085,0,-1,0.0,-0.015046532327542994,0.0,2024-11-01 21:00:00+00:00,2024-11-01,2024-11-08,2024-11-01,weekly_close,0.033,NEUTRAL,0.0017,5733.85,5991.36,0,5852.445207733135,5852.445207733135,0.0,0.0,0.0,1.0,,,False,False,UNCLASSIFIED_DISPERSION,True,0.013546532327542993,-0.011846532327542993,0.0017,False,,1.0,0,0.033,IN_LINE_ACCURATE,True,1.0919583261731352,0.0,10919.583261731352
2024-11-08,2024-11-15,-0.145,-0.087,-1,-1,-0.011661180655531289,-0.011661180655531289,-0.010161180655531288,2024-11-08 22:00:00+00:00,2024-11-08,2024-11-15,2024-11-08,weekly_close,-0.145,NEUTRAL,-0.0077,5755.46,6016.46,-1,5931.725545934866,5991.99888080614,-0.010161180655531288,0.0015000000000000013,-0.011661180655531289,1.0,6016.46,5755.46,False,False,UNCLASSIFIED_DISPERSION,True,0.010161180655531288,-0.017861180655531286,-0.0077,False,,1.0,1,0.145,TREND_MOMENTUM_OVERRIDE,True,1.0792248028633187,-0.011661180655531234,10792.248028633187
2024-11-15,2024-11-22,0.652,-0.036,1,0,0.02186634601891374,0.0,0.023366346018913742,2024-11-15 22:00:00+00:00,2024-11-15,2024-11-22,2024-11-15,weekly_close,0.652,BULLISH_BIAS,0.0454,6132.01,6395.66,1,5991.99888080614,6132.01,0.023366346018913742,0.0015000000000000013,0.02186634601891374,1.0,6132.01,6395.66,True,False,UNCLASSIFIED_DISPERSION,True,0.0007672663364588495,0.04463273366354115,0.0454,True,stop,1.0,1,0.652,UNCLASSIFIED_DISPERSION,False,1.1028235058349218,0.0,11028.235058349219
2024-11-22,2024-11-29,-0.231,-0.059,-1,-1,0.03296227295018356,0.03296227295018356,0.03446227295018356,2024-11-22 22:00:00+00:00,2024-11-22,2024-11-29,2024-11-22,weekly_close,-0.231,NEUTRAL,-0.0125,5789.94,6053.79,-1,5996.596339835482,5789.94,0.03446227295018356,0.0015000000000000013,0.03296227295018356,1.0,6053.79,5789.94,False,True,TREND_MOMENTUM_OVERRIDE,True,-0.04132937801467662,0.02882937801467662,-0.0125,True,target,1.0,1,0.231,UNCLASSIFIED_DISPERSION,False,1.1391750752501308,0.0,11391.750752501308
2024-11-29,2024-12-06,0.214,0.054,1,1,0.023570975052249754,0.023570975052249754,0.025070975052249755,2024-11-29 22:00:00+00:00,2024-11-29,2024-12-06,2024-11-29,weekly_close,0.214,NEUTRAL,0.0112,5669.24,5956.68,1,5748.760742904995,5892.887780071718,0.025070975052249755,0.0015000000000000013,0.023570975052249754,1.0,5669.24,5956.68,False,False,COUNTER_TREND_EXHAUSTION,True,0.025070975052249755,-0.013870975052249756,0.0112,False,,1.0,1,0.214,IN_LINE_ACCURATE,True,1.1660265425289964,0.0,11660.265425289965
2024-12-06,2024-12-13,0.019,-0.115,0,-1,0.0,-0.0038071650292150192,0.0,2024-12-06 22:00:00+00:00,2024-12-06,2024-12-13,2024-12-06,weekly_close,0.019,NEUTRAL,0.001,5769.04,6028.33,0,5892.887780071718,5892.887780071718,0.0,0.0,0.0,1.0,,,False,False,UNCLASSIFIED_DISPERSION,True,0.002307165029215019,-0.0013071650292150192,0.001,False,,1.0,1,0.019,IN_LINE_ACCURATE,True,1.1660265425289964,0.0,11660.265425289965
2024-12-13,2024-12-20,-0.713,-0.04,-1,0,0.031076682888528773,0.0,0.032576682888528774,2024-12-13 22:00:00+00:00,2024-12-13,2024-12-20,2024-12-13,weekly_close,-0.713,BEARISH_BIAS,-0.0546,5454.18,5714.07,-1,5906.483644678989,5714.07,0.032576682888528774,0.0015000000000000013,0.031076682888528773,1.0,5714.07,5454.18,True,False,UNCLASSIFIED_DISPERSION,True,-0.004944483474497274,-0.04965551652550273,-0.0546,True,stop,1.0,1,0.713,UNCLASSIFIED_DISPERSION,False,1.2022627796307777,0.0,12022.627796307777
2024-12-20,2024-12-27,-0.225,-0.111,-1,-1,-0.007266264178359348,-0.007266264178359348,-0.005766264178359348,2024-12-20 22:00:00+00:00,2024-12-20,2024-12-27,2024-12-20,weekly_close,-0.225,NEUTRAL,-0.0121,5676.7,5935.3,-1,5877.279133905485,5911.169078041543,-0.005766264178359348,0.0014999999999999996,-0.007266264178359348,1.0,5935.3,5676.7,False,False,UNCLASSIFIED_DISPERSION,True,0.005766264178359348,-0.017866264178359348,-0.0121,False,,1.0,1,0.225,UNCLASSIFIED_DISPERSION,True,1.1935268206621719,-0.007266264178359294,11935.268206621718
2024-12-27,2025-01-03,0.077,-0.008,1,0,0.0245457652159507,0.0,0.0260457652159507,2024-12-27 22:00:00+00:00,2024-12-27,2025-01-03,2024-12-27,weekly_close,0.077,NEUTRAL,0.004,5805.04,6065.13,1,5911.169078041543,6065.13,0.0260457652159507,0.0015000000000000013,0.0245457652159507,1.0,5805.04,6065.13,False,True,UNCLASSIFIED_DISPERSION,True,0.037084169066029515,-0.03308416906602951,0.004,True,target,1.0,1,0.077,TREND_MOMENTUM_OVERRIDE,False,1.2228228497810856,0.0,12228.228497810856
2025-01-03,2025-01-10,0.35,-0.054,1,-1,0.02062793544424074,-0.023627935444240744,0.022127935444240743,2025-01-03 22:00:00+00:00,2025-01-03,2025-01-10,2025-01-03,weekly_close,0.35,BULLISH_BIAS,0.0196,6115.61,6385.35,1,6130.379871509521,6266.0325215549565,0.022127935444240743,0.0015000000000000013,0.02062793544424074,1.0,6115.61,6385.35,False,False,UNCLASSIFIED_DISPERSION,True,0.022127935444240743,-0.0025279354442407434,0.0196,False,,1.0,1,0.35,IN_LINE_ACCURATE,True,1.2480471605861123,0.0,12480.471605861123
2025-01-10,2025-01-17,-0.304,-0.135,-1,-1,0.024485338383491595,0.024485338383491595,0.025985338383491596,2025-01-10 22:00:00+00:00,2025-01-10,2025-01-17,2025-01-10,weekly_close,-0.304,BEARISH_BIAS,-0.0167,6023.23,6298.93,-1,6266.0325215549565,6103.207546160388,0.025985338383491596,0.0015000000000000013,0.024485338383491595,1.0,6298.93,6023.23,False,False,UNCLASSIFIED_DISPERSION,True,-0.025985338383491596,0.009285338383491597,-0.0167,False,,1.0,1,0.304,IN_LINE_ACCURATE,True,1.2786060176316192,0.0,12786.060176316192
2025-01-17,2025-01-24,-0.485,-0.078,-1,-1,0.04951539539750166,0.04951539539750166,0.05101539539750166,2025-01-17 22:00:00+00:00,2025-01-17,2025-01-24,2025-01-17,weekly_close,-0.485,BEARISH_BIAS,-0.029,5791.85,6060.39,-1,6103.207546160388,5791.85,0.05101539539750166,0.0015000000000000013,0.04951539539750166,1.0,6060.39,5791.85,False,True,UNCLASSIFIED_DISPERSION,True,-0.05293693981298775,0.023936939812987747,-0.029,True,target,1.0,1,0.485,COUNTER_TREND_EXHAUSTION,False,1.3419167001522738,0.0,13419.167001522737
2025-01-24,2025-01-31,0.434,0.088,1,1,0.012073865827590347,0.012073865827590347,0.013573865827590348,2025-01-24 22:00:00+00:00,2025-01-24,2025-01-31,2025-01-24,weekly_close,0.434,BULLISH_BIAS,0.0252,5798.89,6053.21,1,5780.122415623123,5858.581021759838,0.013573865827590348,0.0015000000000000013,0.012073865827590347,1.0,5798.89,6053.21,False,False,UNCLASSIFIED_DISPERSION,True,0.013573865827590348,0.011626134172409652,0.0252,False,,1.0,0,0.434,IN_LINE_ACCURATE,True,1.358118822341715,0.0,13581.188223417152
2025-01-31,2025-02-07,0.433,0.019,1,0,-0.0018074160369463952,0.0,-0.0003074160369463952,2025-01-31 22:00:00+00:00,2025-01-31,2025-02-07,2025-01-31,weekly_close,0.433,BULLISH_BIAS,0.0227,5856.78,6126.28,1,5858.581021759838,5856.78,-0.0003074160369463952,0.0015,-0.0018074160369463952,1.0,5856.78,6126.28,True,False,MACRO_DECOUPLING,True,-0.02328199492554972,0.04598199492554972,0.0227,True,stop,1.0,1,0.433,UNCLASSIFIED_DISPERSION,False,1.355664136602136,-0.001807416036946341,13556.64136602136
2025-02-07,2025-02-14,-0.34,-0.017,-1,0,-0.003384461342885002,0.0,-0.0018844613428850021,2025-02-07 22:00:00+00:00,2025-02-07,2025-02-14,2025-02-07,weekly_close,-0.34,BEARISH_BIAS,-0.019,5487.8,5739.58,-1,5722.181568140304,5732.964798102434,-0.0018844613428850021,0.0015,-0.003384461342885002,1.0,5739.58,5487.8,False,False,UNCLASSIFIED_DISPERSION,True,0.0018844613428850021,-0.020884461342885,-0.019,False,,1.0,0,0.34,UNCLASSIFIED_DISPERSION,True,1.3510759437378705,-0.005185760250123739,13510.759437378705
2025-02-14,2025-02-21,-0.273,0.104,-1,1,-0.00858624652832568,0.00558624652832568,-0.007086246528325679,2025-02-14 22:00:00+00:00,2025-02-14,2025-02-21,2025-02-14,weekly_close,-0.273,BEARISH_BIAS,-0.0149,5521.34,5773.59,-1,5732.964798102434,5773.59,-0.007086246528325679,0.0015000000000000013,-0.00858624652832568,1.0,5773.59,5521.34,True,False,UNCLASSIFIED_DISPERSION,True,0.024440981638728543,-0.03934098163872854,-0.0149,True,stop,1.0,0,0.273,UNCLASSIFIED_DISPERSION,False,1.339475272606447,-0.013727480562505057,13394.75272606447
2025-02-21,2025-02-28,-0.041,-0.056,0,-1,0.0,-0.02135599266664817,0.0,2025-02-21 22:00:00+00:00,2025-02-21,2025-02-28,2025-02-21,weekly_close,-0.041,NEUTRAL,-0.0021,5731.29,5989.7,0,5873.084085468333,5873.084085468333,0.0,0.0,0.0,1.0,,,False,False,UNCLASSIFIED_DISPERSION,True,0.035348791096172505,-0.0374487910961725,-0.0021,False,,1.0,1,0.041,VOLATILITY_LIQUIDATION,False,1.339475272606447,-0.013727480562505057,13394.75272606447
2025-02-28,2025-03-07,-0.0,-0.059,0,-1,0.0,0.020507452561850104,0.0,2025-02-28 22:00:00+00:00,2025-02-28,2025-03-07,2025-02-28,weekly_close,-0.0,NEUTRAL,-0.0,5946.87,6214.42,0,6080.690507895809,6080.690507895809,0.0,0.0,0.0,1.0,,,False,False,UNCLASSIFIED_DISPERSION,True,-0.033604857304404656,0.033604857304404656,-0.0,False,,1.0,1,0.0,VOLATILITY_LIQUIDATION,False,1.339475272606447,-0.013727480562505057,13394.75272606447
2025-03-07,2025-03-14,0.021,0.022,0,0,0.0,0.0,0.0,2025-03-07 22:00:00+00:00,2025-03-07,2025-03-14,2025-03-07,weekly_close,0.021,NEUTRAL,0.0011,5753.56,6012.12,0,5876.349771065722,5876.349771065722,0.0,0.0,0.0,1.0,,,False,False,UNCLASSIFIED_DISPERSION,True,-0.011998286790321,0.013098286790321,0.0011,False,,1.0,0,0.021,VOLATILITY_LIQUIDATION,True,1.339475272606447,-0.013727480562505057,13394.75272606447
2025-03-14,2025-03-21,-0.395,0.051,-1,1,0.03495127391879432,-0.037951273918794326,0.036451273918794325,2025-03-14 21:00:00+00:00,2025-03-14,2025-03-21,2025-03-14,weekly_close,-0.395,BEARISH_BIAS,-0.0187,5580.99,5813.22,-1,5805.843641232238,5594.2132443359915,0.036451273918794325,0.0015000000000000013,0.03495127391879432,1.0,5813.22,5580.99,False,False,NONE,False,-0.036451273918794325,0.017751273918794323,-0.0187,False,,1.0,0,0.395,UNCLASSIFIED_DISPERSION,True,1.3862916397667664,0.0,13862.916397667665
2025-03-21,2025-03-28,-0.018,0.036,0,0,0.0,0.0,0.0,2025-03-21 21:00:00+00:00,2025-03-21,2025-03-28,2025-03-21,weekly_close,-0.018,NEUTRAL,-0.0009,5465.94,5712.09,0,5594.2132443359915,5594.2132443359915,0.0,0.0,0.0,1.0,,,False,False,UNCLASSIFIED_DISPERSION,True,-0.03282864523631557,0.03192864523631557,-0.0009,False,,1.0,0,0.018,VOLATILITY_LIQUIDATION,False,1.3862916397667664,0.0,13862.916397667665
2025-03-28,2025-04-04,0.062,0.086,1,1,-0.02119963230323524,-0.02119963230323524,-0.019699632303235237,2025-03-28 21:00:00+00:00,2025-03-28,2025-04-04,2025-03-28,weekly_close,0.062,NEUTRAL,0.0025,5288.65,5559.18,1,5410.562802361387,5303.976704601306,-0.019699632303235237,0.0015000000000000013,-0.02119963230323524,1.0,5288.65,5559.18,False,False,COUNTER_TREND_EXHAUSTION,True,-0.019699632303235237,0.022199632303235236,0.0025,False,,1.0,0,0.062,UNCLASSIFIED_DISPERSION,True,1.3569027667386617,-0.021199632303235405,13569.027667386617
2025-04-04,2025-04-11,-0.414,0.153,-1,1,0.0003187682824732931,-0.003318768282473293,0.0018187682824732931,2025-04-04 21:00:00+00:00,2025-04-04,2025-04-11,2025-04-04,weekly_close,-0.414,BEARISH_BIAS,-0.0238,5060.95,5294.33,-1,5303.976704601306,5294.33,0.0018187682824732931,0.0015,0.0003187682824732931,1.0,5294.33,5060.95,True,False,UNCLASSIFIED_DISPERSION,True,0.01506577791947783,-0.03886577791947783,-0.0238,True,stop,1.0,0,0.414,VOLATILITY_LIQUIDATION,False,1.3573353043030982,-0.020887621791140454,13573.353043030982
2025-04-11,2025-04-18,0.299,0.087,1,1,0.0034806206114837437,0.0034806206114837437,0.004980620611483744,2025-04-11 21:00:00+00:00,2025-04-11,2025-04-18,2025-04-11,weekly_close,0.299,BULLISH_BIAS,0.0246,5370.72,5661.45,1,5383.885239722913,5410.70032951774,0.004980620611483744,0.0015,0.0034806206114837437,1.0,5370.72,5661.45,False,False,VOLATILITY_LIQUIDATION,True,0.004980620611483744,0.019619379388516257,0.0246,False,,1.0,0,0.299,VOLATILITY_LIQUIDATION,True,1.3620596735399502,-0.01747970306658786,13620.596735399502
2025-04-18,2025-04-25,-0.334,0.106,-1,1,-0.0004058108641791778,-0.0025941891358208223,0.0010941891358208222,2025-04-18 21:00:00+00:00,2025-04-18,2025-04-25,2025-04-18,weekly_close,-0.334,BEARISH_BIAS,-0.0281,5112.6,5404.78,-1,5410.70032951774,5404.78,0.0010941891358208222,0.0015,-0.0004058108641791778,1.0,5404.78,5112.6,True,False,VOLATILITY_LIQUIDATION,True,0.0036774866108271187,-0.03177748661082712,-0.0281,True,stop,1.0,0,0.334,VOLATILITY_LIQUIDATION,False,1.3615069349267674,-0.01787842047735988,13615.069349267675
2025-04-25,2025-05-02,-0.219,0.032,-1,0,0.036860073487230915,0.0,0.03836007348723092,2025-04-25 21:00:00+00:00,2025-04-25,2025-05-02,2025-04-25,weekly_close,-0.219,NEUTRAL,-0.0171,5191.09,5484.34,-1,5430.598107534739,5222.279965050089,0.03836007348723092,0.0015000000000000013,0.036860073487230915,1.0,5484.34,5191.09,False,False,VOLATILITY_LIQUIDATION,True,-0.03836007348723092,0.021260073487230916,-0.0171,False,,1.0,0,0.219,VOLATILITY_LIQUIDATION,True,1.4116921806015426,0.0,14116.921806015425
2025-05-02,2025-05-09,-0.102,0.131,-1,1,0.01573047411489964,-0.018730474114899642,0.01723047411489964,2025-05-02 21:00:00+00:00,2025-05-02,2025-05-09,2025-05-02,weekly_close,-0.102,NEUTRAL,-0.0054,5079.15,5308.93,-1,5222.279965050089,5132.297605291535,0.01723047411489964,0.0015000000000000013,0.01573047411489964,1.0,5308.93,5079.15,False,False,UNCLASSIFIED_DISPERSION,True,-0.01723047411489964,0.01183047411489964,-0.0054,False,,1.0,0,0.102,IN_LINE_ACCURATE,True,1.4338987679067012,0.0,14338.987679067013
2025-05-09,2025-05-16,-0.699,0.004,-1,0,0.02862833962163641,0.0,0.030128339621636413,2025-05-09 21:00:00+00:00,2025-05-09,2025-05-16,2025-05-09,weekly_close,-0.699,BEARISH_BIAS,-0.0521,4751.85,4977.67,-1,5132.297605291535,4977.67,0.030128339621636413,0.0015000000000000013,0.02862833962163641,1.0,4977.67,4751.85,True,False,UNCLASSIFIED_DISPERSION,True,-0.02402899166887351,-0.02807100833112649,-0.0521,True,stop,1.0,0,0.699,COUNTER_TREND_EXHAUSTION,False,1.4749489088173804,0.0,14749.489088173805
2025-05-16,2025-05-23,-0.064,0.191,-1,1,0.0008559868086018287,-0.0038559868086018288,0.0023559868086018287,2025-05-16 21:00:00+00:00,2025-05-16,2025-05-23,2025-05-16,weekly_close,-0.064,NEUTRAL,-0.0046,4860.74,5111.19,-1,5008.973668891805,4997.172593003262,0.0023559868086018287,0.0015,0.0008559868086018287,1.0,5111.19,4860.74,False,False,COUNTER_TREND_EXHAUSTION,True,-0.0023559868086018287,-0.002244013191398171,-0.0046,False,,1.0,0,0.064,IN_LINE_ACCURATE,True,1.4762114456266897,0.0,14762.114456266898
2025-05-23,2025-05-30,0.079,0.067,1,1,0.03140008578589654,0.03140008578589654,0.03290008578589654,2025-05-23 21:00:00+00:00,2025-05-23,2025-05-30,2025-05-23,weekly_close,0.079,NEUTRAL,0.0059,4891.74,5161.58,1,4997.172593003262,5161.58,0.03290008578589654,0.0015000000000000013,0.03140008578589654,1.0,4891.74,5161.58,False,True,VOLATILITY_LIQUIDATION,True,0.041338497438094146,-0.035438497438094144,0.0059,True,target,1.0,0,0.079,VOLATILITY_LIQUIDATION,False,1.52256461165749,0.0,15225.6461165749
2025-05-30,2025-06-06,-0.254,0.026,-1,0,-0.012961315628149339,0.0,-0.011461315628149338,2025-05-30 21:00:00+00:00,2025-05-30,2025-06-06,2025-05-30,weekly_close,-0.254,BEARISH_BIAS,-0.0135,5003.2,5263.39,-1,5203.748199436841,5263.39,-0.011461315628149338,0.0015000000000000013,-0.012961315628149339,1.0,5263.39,5003.2,True,False,COUNTER_TREND_EXHAUSTION,True,0.03265163313984609,-0.04615163313984609,-0.0135,True,stop,1.0,-1,0.254,VOLATILITY_LIQUIDATION,False,1.5028301711615466,-0.012961315628149395,15028.301711615466
2025-06-06,2025-06-13,0.193,0.191,1,1,0.004204713970094533,0.004204713970094533,0.005704713970094533,2025-06-06 21:00:00+00:00,2025-06-06,2025-06-13,2025-06-06,weekly_close,0.193,NEUTRAL,0.0103,5310.96,5547.4,1,5373.659076596988,5404.314264601776,0.005704713970094533,0.0014999999999999996,0.004204713970094533,1.0,5310.96,5547.4,False,False,UNCLASSIFIED_DISPERSION,True,0.005704713970094533,0.0045952860299054675,0.0103,False,,1.0,-1,0.193,IN_LINE_ACCURATE,True,1.509149142176909,-0.008811100282947404,15091.49142176909
2025-06-13,2025-06-20,0.113,-0.022,1,0,0.02772128780331623,0.0,0.02922128780331623,2025-06-13 21:00:00+00:00,2025-06-13,2025-06-20,2025-06-13,weekly_close,0.113,NEUTRAL,0.0085,5304.36,5596.19,1,5404.314264601776,5562.235287107272,0.02922128780331623,0.0015000000000000013,0.02772128780331623,1.0,5304.36,5596.19,False,False,VOLATILITY_LIQUIDATION,True,0.02922128780331623,-0.02072128780331623,0.0085,False,,1.0,-1,0.113,UNCLASSIFIED_DISPERSION,True,1.5509846998853227,0.0,15509.846998853227
2025-06-20,2025-06-27,-0.123,-0.03,-1,0,0.011349256435256139,0.0,0.01284925643525614,2025-06-20 21:00:00+00:00,2025-06-20,2025-06-27,2025-06-20,weekly_close,-0.123,NEUTRAL,-0.0093,5360.2,5660.56,-1,5562.235287107272,5490.76469955,0.01284925643525614,0.0015000000000000013,0.011349256435256139,1.0,5660.56,5360.2,False,False,VOLATILITY_LIQUIDATION,True,-0.01284925643525614,0.003549256435256141,-0.0093,False,,1.0,0,0.123,IN_LINE_ACCURATE,True,1.5685872229714801,0.0,15685.872229714802
2025-06-27,2025-07-04,0.567,-0.046,1,0,0.012564580195237485,0.0,0.014064580195237486,2025-06-27 21:00:00+00:00,2025-06-27,2025-07-04,2025-06-27,weekly_close,0.567,BULLISH_BIAS,0.0361,5567.99,5809.58,1,5490.76469955,5567.99,0.014064580195237486,0.0015000000000000013,0.012564580195237485,1.0,5567.99,5809.58,True,False,UNCLASSIFIED_DISPERSION,True,0.0014302168853168595,0.03466978311468314,0.0361,True,stop,1.0,0,0.567,UNCLASSIFIED_DISPERSION,False,1.58829586292773,0.0,15882.9586292773
2025-07-04,2025-07-11,-0.002,-0.006,0,0,0.0,0.0,0.0,2025-07-04 21:00:00+00:00,2025-07-04,2025-07-11,2025-07-04,weekly_close,-0.002,NEUTRAL,-0.0001,5377.17,5619.11,0,5498.617683936598,5498.617683936598,0.0,0.0,0.0,1.0,,,False,False,UNCLASSIFIED_DISPERSION,True,0.05384858851745866,-0.053948588517458665,-0.0001,False,,1.0,0,0.002,UNCLASSIFIED_DISPERSION,False,1.58829586292773,0.0,15882.9586292773
2025-07-11,2025-07-18,-0.568,-0.091,-1,-1,0.030000172235340516,0.030000172235340516,0.03150017223534052,2025-07-11 21:00:00+00:00,2025-07-11,2025-07-18,2025-07-11,weekly_close,-0.568,BEARISH_BIAS,-0.0362,5457.5,5712.47,-1,5794.710485013721,5612.176106681855,0.03150017223534052,0.0015000000000000013,0.030000172235340516,1.0,5712.47,5457.5,False,False,TREND_MOMENTUM_OVERRIDE,True,-0.03150017223534052,-0.004699827764659485,-0.0362,False,,1.0,0,0.568,IN_LINE_ACCURATE,True,1.6359450123762405,0.0,16359.450123762404
2025-07-18,2025-07-25,0.292,0.01,1,0,0.021433300295931323,0.0,0.022933300295931325,2025-07-18 21:00:00+00:00,2025-07-18,2025-07-25,2025-07-18,weekly_close,0.292,BULLISH_BIAS,0.016,5578.59,5825.53,1,5612.176106681855,5740.881826650041,0.022933300295931325,0.0015000000000000013,0.021433300295931323,1.0,5578.59,5825.53,False,False,UNCLASSIFIED_DISPERSION,True,0.022933300295931325,-0.0069333002959313245,0.016,False,,1.0,0,0.292,IN_LINE_ACCURATE,True,1.6710087130941313,0.0,16710.087130941312
2025-07-25,2025-08-01,0.384,0.003,1,0,0.007753609100979386,0.0,0.009253609100979387,2025-07-25 21:00:00+00:00,2025-07-25,2025-08-01,2025-07-25,weekly_close,0.384,BULLISH_BIAS,0.0218,5739.78,5992.38,1,5740.881826650041,5794.005702968778,0.009253609100979387,0.0015000000000000013,0.007753609100979386,1.0,5739.78,5992.38,False,False,UNCLASSIFIED_DISPERSION,True,0.009253609100979387,0.012546390899020612,0.0218,False,,1.0,0,0.384,IN_LINE_ACCURATE,True,1.6839650614597939,0.0,16839.65061459794
2025-08-01,2025-08-08,0.056,-0.093,1,-1,0.014174156695695939,-0.01717415669569594,0.01567415669569594,2025-08-01 21:00:00+00:00,2025-08-01,2025-08-08,2025-08-01,weekly_close,0.056,NEUTRAL,0.0042,5662.03,5974.9,1,5794.005702968778,5884.821856252866,0.01567415669569594,0.0015000000000000013,0.014174156695695939,1.0,5662.03,5974.9,False,False,VOLATILITY_LIQUIDATION,True,0.01567415669569594,-0.011474156695695941,0.0042,False,,1.0,0,0.056,IN_LINE_ACCURATE,True,1.707833846111002,0.0,17078.33846111002
2025-08-08,2025-08-15,0.077,-0.043,1,0,0.01712999721187286,0.0,0.018629997211872862,2025-08-08 21:00:00+00:00,2025-08-08,2025-08-15,2025-08-08,weekly_close,0.077,NEUTRAL,0.0041,5779.28,6038.22,1,5884.821856252866,5994.456071027226,0.018629997211872862,0.0015000000000000013,0.01712999721187286,1.0,5779.28,6038.22,False,False,UNCLASSIFIED_DISPERSION,True,0.018629997211872862,-0.014529997211872862,0.0041,False,,1.0,0,0.077,IN_LINE_ACCURATE,True,1.7370890351332255,0.0,17370.890351332255
2025-08-15,2025-08-22,-0.168,-0.039,-1,0,-0.0008036959708017087,0.0,0.0006963040291982914,2025-08-15 21:00:00+00:00,2025-08-15,2025-08-22,2025-08-15,weekly_close,-0.168,NEUTRAL,-0.0089,5808.94,6072.7,-1,5994.456071027226,5990.282107112118,0.0006963040291982914,0.0015,-0.0008036959708017087,1.0,6072.7,5808.94,False,False,UNCLASSIFIED_DISPERSION,True,-0.0006963040291982914,-0.008203695970801709,-0.0089,False,,1.0,0,0.168,IN_LINE_ACCURATE,True,1.7356929436747652,-0.0008036959708016544,17356.929436747654
2025-08-22,2025-08-29,0.388,-0.026,1,0,0.03030481305930316,0.0,0.03180481305930316,2025-08-22 21:00:00+00:00,2025-08-22,2025-08-29,2025-08-22,weekly_close,0.388,BULLISH_BIAS,0.0221,5990.7,6254.28,1,5990.282107112118,6180.8019097013075,0.03180481305930316,0.0015000000000000013,0.03030481305930316,1.0,5990.7,6254.28,False,False,UNCLASSIFIED_DISPERSION,True,0.03180481305930316,-0.00970481305930316,0.0221,False,,1.0,0,0.388,IN_LINE_ACCURATE,True,1.7882927938611806,0.0,17882.927938611807
2025-08-29,2025-09-05,0.678,-0.055,1,-1,0.025376462427626978,-0.02837646242762698,0.02687646242762698,2025-08-29 21:00:00+00:00,2025-08-29,2025-09-05,2025-08-29,weekly_close,0.678,BULLISH_BIAS,0.0489,6346.92,6618.88,1,6180.8019097013075,6346.92,0.02687646242762698,0.0015000000000000013,0.025376462427626978,1.0,6346.92,6618.88,True,False,TREND_MOMENTUM_OVERRIDE,True,0.026230203502622063,0.022669796497377936,0.0489,True,stop,1.0,0,0.678,TREND_MOMENTUM_OVERRIDE,False,1.8336733387541948,0.0,18336.733387541946
2025-09-05,2025-09-12,-0.043,-0.124,0,-1,0.0,0.0074728210996184985,0.0,2025-09-05 21:00:00+00:00,2025-09-05,2025-09-12,2025-09-05,weekly_close,-0.043,NEUTRAL,-0.0023,6189.05,6468.14,0,6342.925601602167,6342.925601602167,0.0,0.0,0.0,1.0,,,False,False,TREND_MOMENTUM_OVERRIDE,True,-0.0089728210996185,0.0066728210996185,-0.0023,False,,1.0,0,0.043,IN_LINE_ACCURATE,True,1.8336733387541948,0.0,18336.733387541946
2025-09-12,2025-09-19,0.283,-0.128,1,-1,-0.005754781768715965,0.002754781768715965,-0.004254781768715965,2025-09-12 21:00:00+00:00,2025-09-12,2025-09-19,2025-09-12,weekly_close,0.283,BULLISH_BIAS,0.0179,6241.14,6555.44,1,6286.011664930801,6259.266057100917,-0.004254781768715965,0.0014999999999999996,-0.005754781768715965,1.0,6241.14,6555.44,False,False,COUNTER_TREND_EXHAUSTION,True,-0.004254781768715965,0.022154781768715964,0.0179,False,,1.0,0,0.283,UNCLASSIFIED_DISPERSION,True,1.8231209488545517,-0.005754781768715911,18231.209488545515
2025-09-19,2025-09-26,-0.389,-0.178,-1,-1,0.02517539880342018,0.02517539880342018,0.02667539880342018,2025-09-19 21:00:00+00:00,2025-09-19,2025-09-26,2025-09-19,weekly_close,-0.389,BEARISH_BIAS,-0.0221,5982.98,6258.39,-1,6259.266057100917,6092.297638811039,0.02667539880342018,0.0015000000000000013,0.02517539880342018,1.0,6258.39,5982.98,False,False,UNCLASSIFIED_DISPERSION,True,-0.02667539880342018,0.004575398803420179,-0.0221,False,,1.0,0,0.389,IN_LINE_ACCURATE,True,1.869018745808835,0.0,18690.18745808835
2025-09-26,2025-10-03,0.21,0.02,1,0,0.015347531219489563,0.0,0.016847531219489564,2025-09-26 21:00:00+00:00,2025-09-26,2025-10-03,2025-09-26,weekly_close,0.21,NEUTRAL,0.0113,6027.19,6295.25,1,6092.297638811039,6194.9378134793305,0.016847531219489564,0.0015000000000000013,0.015347531219489563,1.0,6027.19,6295.25,False,False,UNCLASSIFIED_DISPERSION,True,0.016847531219489564,-0.005547531219489565,0.0113,False,,1.0,0,0.21,IN_LINE_ACCURATE,True,1.897703569359947,0.0,18977.03569359947
2025-10-03,2025-10-10,0.172,-0.047,1,0,0.002023053273651433,0.0,0.003523053273651433,2025-10-03 21:00:00+00:00,2025-10-03,2025-10-10,2025-10-03,weekly_close,0.172,NEUTRAL,0.0092,6115.67,6388.24,1,6194.9378134793305,6216.762909423176,0.003523053273651433,0.0015,0.002023053273651433,1.0,6115.67,6388.24,False,False,TREND_MOMENTUM_OVERRIDE,True,0.003523053273651433,0.005676946726348567,0.0092,False,,1.0,1,0.172,IN_LINE_ACCURATE,True,1.9015427247783607,0.0,19015.427247783606
2025-10-10,2025-10-17,-0.044,-0.078,0,-1,0.0,-0.01938688636389191,0.0,2025-10-10 21:00:00+00:00,2025-10-10,2025-10-17,2025-10-10,weekly_close,-0.044,NEUTRAL,-0.0033,6028.46,6364.16,0,6216.762909423176,6216.762909423176,0.0,0.0,0.0,1.0,,,False,False,VOLATILITY_LIQUIDATION,True,0.017886886363891907,-0.021186886363891908,-0.0033,False,,1.0,1,0.044,MACRO_DECOUPLING,True,1.9015427247783607,0.0,19015.427247783606
2025-10-17,2025-10-24,0.535,-0.023,1,0,0.009689789875206689,0.0,0.01118978987520669,2025-10-17 21:00:00+00:00,2025-10-17,2025-10-24,2025-10-17,weekly_close,0.535,BULLISH_BIAS,0.0332,6398.77,6677.2,1,6327.961441135287,6398.77,0.01118978987520669,0.0015000000000000013,0.009689789875206689,1.0,6398.77,6677.2,True,False,TREND_MOMENTUM_OVERRIDE,True,0.0045177678213452754,0.028682232178654725,0.0332,True,stop,1.0,1,0.535,UNCLASSIFIED_DISPERSION,False,1.919968274220191,0.0,19199.68274220191
2025-10-24,2025-10-31,0.07,-0.086,1,-1,0.02074691674157375,-0.023746916741573754,0.022246916741573752,2025-10-24 21:00:00+00:00,2025-10-24,2025-10-31,2025-10-24,weekly_close,0.07,NEUTRAL,0.0037,6240.35,6520.04,1,6356.549701708761,6497.963333686351,0.022246916741573752,0.0015000000000000013,0.02074691674157375,1.0,6240.35,6520.04,False,False,UNCLASSIFIED_DISPERSION,True,0.022246916741573752,-0.01854691674157375,0.0037,False,,1.0,1,0.07,MACRO_DECOUPLING,True,1.9598016961519,0.0,19598.016961519
2025-10-31,2025-11-07,0.335,-0.114,1,-1,0.005863030273540794,-0.008863030273540795,0.007363030273540794,2025-10-31 21:00:00+00:00,2025-10-31,2025-11-07,2025-10-31,weekly_close,0.335,BULLISH_BIAS,0.0168,6457.96,6756.87,1,6497.963333686351,6545.808034428642,0.007363030273540794,0.0014999999999999996,0.005863030273540794,1.0,6457.96,6756.87,False,False,MACRO_DECOUPLING,True,0.007363030273540794,0.009436969726459205,0.0168,False,,1.0,1,0.335,IN_LINE_ACCURATE,True,1.971292072826575,0.0,19712.92072826575
2025-11-07,2025-11-14,-0.076,-0.071,-1,-1,-0.019485856742533503,-0.019485856742533503,-0.0179858567425335,2025-11-07 22:00:00+00:00,2025-11-07,2025-11-14,2025-11-07,weekly_close,-0.076,NEUTRAL,-0.004,6375.52,6663.54,-1,6545.808034428642,6663.54,-0.0179858567425335,0.0015000000000000013,-0.019485856742533503,1.0,6663.54,6375.52,True,False,TREND_MOMENTUM_OVERRIDE,True,0.020024479014448815,-0.024024479014448815,-0.004,True,stop,1.0,1,0.076,TREND_MOMENTUM_OVERRIDE,False,1.9328797578977843,-0.019485856742533558,19328.797578977843
2025-11-14,2025-11-21,0.023,-0.142,0,-1,0.0,0.019288802247652226,0.0,2025-11-14 22:00:00+00:00,2025-11-14,2025-11-21,2025-11-14,weekly_close,0.023,NEUTRAL,0.0012,6538.08,6831.86,0,6676.884430046668,6676.884430046668,0.0,0.0,0.0,1.0,,,False,False,UNCLASSIFIED_DISPERSION,True,-0.02264389161084901,0.02384389161084901,0.0012,False,,1.0,1,0.023,COUNTER_TREND_EXHAUSTION,False,1.9328797578977843,-0.019485856742533558,19328.797578977843
2025-11-21,2025-11-28,0.516,-0.08,1,-1,0.0036912054738465496,-0.006691205473846549,0.00519120547384655,2025-11-21 22:00:00+00:00,2025-11-21,2025-11-28,2025-11-21,weekly_close,0.516,BULLISH_BIAS,0.0282,6559.57,6859.75,1,6525.693782714526,6559.57,0.00519120547384655,0.0015,0.0036912054738465496,1.0,6559.57,6859.75,True,False,MACRO_DECOUPLING,True,-0.0014172137222353554,0.029617213722235355,0.0282,True,stop,1.0,1,0.516,VOLATILITY_LIQUIDATION,False,1.9400144142404236,-0.015866577569757734,19400.144142404235
2025-11-28,2025-12-05,-0.365,-0.082,-1,-1,-0.005142594028505641,-0.005142594028505641,-0.0036425940285056413,2025-11-28 22:00:00+00:00,2025-11-28,2025-12-05,2025-11-28,weekly_close,-0.365,BEARISH_BIAS,-0.0207,6218.84,6544.67,-1,6516.445479938557,6540.182245330864,-0.0036425940285056413,0.0014999999999999996,-0.005142594028505641,1.0,6544.67,6218.84,False,False,COUNTER_TREND_EXHAUSTION,True,0.0036425940285056413,-0.02434259402850564,-0.0207,False,,1.0,1,0.365,UNCLASSIFIED_DISPERSION,True,1.930037707698536,-0.02092757623120034,19300.37707698536
2025-12-05,2025-12-12,0.133,-0.01,1,0,-0.00011560023011297641,0.0,0.0013843997698870236,2025-12-05 22:00:00+00:00,2025-12-05,2025-12-12,2025-12-05,weekly_close,0.133,NEUTRAL,0.0071,6442.42,6730.19,1,6540.182245330864,6549.236472126319,0.0013843997698870236,0.0015,-0.00011560023011297641,1.0,6442.42,6730.19,False,False,UNCLASSIFIED_DISPERSION,True,0.0013843997698870236,0.005715600230112977,0.0071,False,,1.0,1,0.133,IN_LINE_ACCURATE,True,1.9298145948953995,-0.021040757228685147,19298.145948953996
2025-12-12,2025-12-19,0.051,0.021,1,0,-0.007978002454326281,0.0,-0.0064780024543262815,2025-12-12 22:00:00+00:00,2025-12-12,2025-12-19,2025-12-12,weekly_close,0.051,NEUTRAL,0.0027,6422.76,6710.93,1,6549.236472126319,6506.810502185922,-0.0064780024543262815,0.0014999999999999996,-0.007978002454326281,1.0,6422.76,6710.93,False,False,UNCLASSIFIED_DISPERSION,True,-0.0064780024543262815,0.009178002454326283,0.0027,False,,1.0,1,0.051,UNCLASSIFIED_DISPERSION,True,1.9144185293209295,-0.028850896470200005,19144.185293209295
2025-12-19,2025-12-26,0.171,0.071,1,1,-0.014388111949433513,-0.014388111949433513,-0.012888111949433512,2025-12-19 22:00:00+00:00,2025-12-19,2025-12-26,2025-12-19,weekly_close,0.171,NEUTRAL,0.0091,6422.95,6709.25,1,6506.810502185922,6422.95,-0.012888111949433512,0.0015000000000000013,-0.014388111949433513,1.0,6422.95,6709.25,True,False,UNCLASSIFIED_DISPERSION,True,-0.031120340030605376,0.04022034003060537,0.0091,True,stop,1.0,1,0.171,UNCLASSIFIED_DISPERSION,False,1.88687366120299,-0.04282389849137891,18868.7366120299
2025-12-26,2026-01-02,0.189,0.014,1,0,0.0221086432612701,0.0,0.0236086432612701,2025-12-26 22:00:00+00:00,2025-12-26,2026-01-02,2025-12-26,weekly_close,0.189,NEUTRAL,0.0102,6229.63,6507.02,1,6304.316346843182,6453.152702481997,0.0236086432612701,0.0015000000000000013,0.0221086432612701,1.0,6229.63,6507.02,False,False,UNCLASSIFIED_DISPERSION,True,0.0236086432612701,-0.0134086432612701,0.0102,False,,1.0,0,0.189,IN_LINE_ACCURATE,True,1.9285898778576134,-0.021662033524911584,19285.898778576135
2026-01-02,2026-01-09,-0.179,0.08,-1,1,0.03479895545349537,-0.037798955453495375,0.036298955453495374,2026-01-02 22:00:00+00:00,2026-01-02,2026-01-09,2026-01-02,weekly_close,-0.179,NEUTRAL,-0.0113,6218.91,6541.57,-1,6453.152702481997,6218.91,0.036298955453495374,0.0015000000000000013,0.03479895545349537,1.0,6541.57,6218.91,False,True,COUNTER_TREND_EXHAUSTION,True,-0.056259136216380345,0.04495913621638035,-0.0113,True,target,1.0,1,0.179,UNCLASSIFIED_DISPERSION,False,1.9957027911052425,0.0,19957.027911052424
2026-01-09,2026-01-16,0.136,-0.013,1,0,0.02774516513900599,0.0,0.02924516513900599,2026-01-09 22:00:00+00:00,2026-01-09,2026-01-16,2026-01-09,weekly_close,0.136,NEUTRAL,0.0072,6000.25,6268.21,1,6090.103905567959,6268.21,0.02924516513900599,0.0015000000000000013,0.02774516513900599,1.0,6000.25,6268.21,False,True,UNCLASSIFIED_DISPERSION,True,0.031313235441473575,-0.024113235441473577,0.0072,True,target,1.0,0,0.136,MACRO_DECOUPLING,False,2.0510738946128324,0.0,20510.738946128324
2026-01-16,2026-01-23,-0.489,0.109,-1,1,0.005854911475355497,-0.008854911475355498,0.007354911475355497,2026-01-16 22:00:00+00:00,2026-01-16,2026-01-23,2026-01-16,weekly_close,-0.489,BEARISH_BIAS,-0.0294,5958.25,6234.61,-1,6280.804763026047,6234.61,0.007354911475355497,0.0014999999999999996,0.005854911475355497,1.0,6234.61,5958.25,True,False,UNCLASSIFIED_DISPERSION,True,0.014255409164560362,-0.04365540916456036,-0.0294,True,stop,1.0,0,0.489,COUNTER_TREND_EXHAUSTION,False,2.063082750695203,0.0,20630.82750695203
2026-01-23,2026-01-30,0.507,0.05,1,1,0.02133069128607873,0.02133069128607873,0.02283069128607873,2026-01-23 22:00:00+00:00,2026-01-23,2026-01-30,2026-01-23,weekly_close,0.507,BULLISH_BIAS,0.0308,6426.49,6706.79,1,6370.340204805703,6515.779475408918,0.02283069128607873,0.0015000000000000013,0.02133069128607873,1.0,6426.49,6706.79,False,False,UNCLASSIFIED_DISPERSION,True,0.02283069128607873,0.00796930871392127,0.0308,False,,1.0,0,0.507,IN_LINE_ACCURATE,True,2.1070897319479163,0.0,21070.89731947916
2026-01-30,2026-02-06,0.45,0.012,1,0,0.017989408541821572,0.0,0.019489408541821573,2026-01-30 22:00:00+00:00,2026-01-30,2026-02-06,2026-01-30,weekly_close,0.45,BULLISH_BIAS,0.0268,6527.46,6853.25,1,6515.779475408918,6642.768163573579,0.019489408541821573,0.0015000000000000013,0.017989408541821572,1.0,6527.46,6853.25,False,False,COUNTER_TREND_EXHAUSTION,True,0.019489408541821573,0.0073105914581784275,0.0268,False,,1.0,1,0.45,IN_LINE_ACCURATE,True,2.1449950299702043,0.0,21449.950299702043
2026-02-06,2026-02-13,-0.171,-0.057,-1,-1,-0.015366483694482624,-0.015366483694482624,-0.013866483694482623,2026-02-06 22:00:00+00:00,2026-02-06,2026-02-13,2026-02-06,weekly_close,-0.171,NEUTRAL,-0.0131,6376.17,6734.88,-1,6642.768163573579,6734.88,-0.013866483694482623,0.0015000000000000013,-0.015366483694482624,1.0,6734.88,6376.17,True,False,VOLATILITY_LIQUIDATION,True,0.018857578596279012,-0.03195757859627901,-0.0131,True,stop,1.0,1,0.171,VOLATILITY_LIQUIDATION,False,2.1120339988174206,-0.015366483694482791,21120.339988174204
2026-02-13,2026-02-20,0.477,0.026,1,0,0.0294096561780815,0.0,0.0309096561780815,2026-02-13 22:00:00+00:00,2026-02-13,2026-02-20,2026-02-13,weekly_close,0.477,BULLISH_BIAS,0.029,6794.87,7133.27,1,6768.034686315028,6977.232311470355,0.0309096561780815,0.0015000000000000013,0.0294096561780815,1.0,6794.87,7133.27,False,False,COUNTER_TREND_EXHAUSTION,True,0.0309096561780815,-0.0019096561780815,0.029,False,,1.0,1,0.477,IN_LINE_ACCURATE,True,2.1741481925590596,0.0,21741.481925590597
2026-02-20,2026-02-27,-0.42,-0.029,-1,0,0.02100803028839021,0.0,0.022508030288390213,2026-02-20 22:00:00+00:00,2026-02-20,2026-02-27,2026-02-20,weekly_close,-0.42,BEARISH_BIAS,-0.0243,6654.43,6961.42,-1,6977.232311470355,6820.188555274645,0.022508030288390213,0.0015000000000000013,0.02100803028839021,1.0,6961.42,6654.43,False,False,UNCLASSIFIED_DISPERSION,True,-0.022508030288390213,-0.0017919697116097859,-0.0243,False,,1.0,1,0.42,IN_LINE_ACCURATE,True,2.219822763639789,0.0,22198.22763639789
2026-02-27,2026-03-06,-0.02,-0.03,0,0,0.0,0.0,0.0,2026-02-27 22:00:00+00:00,2026-02-27,2026-03-06,2026-02-27,weekly_close,-0.02,NEUTRAL,-0.0011,6662.9,6962.99,0,6820.188555274645,6820.188555274645,0.0,0.0,0.0,1.0,,,False,False,UNCLASSIFIED_DISPERSION,True,-0.008975338137359845,0.007875338137359845,-0.0011,False,,1.0,1,0.02,IN_LINE_ACCURATE,True,2.219822763639789,0.0,22198.22763639789
2026-03-06,2026-03-13,0.2,-0.124,1,-1,-0.012998053503240181,0.009998053503240178,-0.01149805350324018,2026-03-06 22:00:00+00:00,2026-03-06,2026-03-13,2026-03-06,weekly_close,0.2,NEUTRAL,0.0155,6681.26,7046.25,1,6758.9750568305035,6681.26,-0.01149805350324018,0.0015000000000000013,-0.012998053503240181,1.0,6681.26,7046.25,True,False,VOLATILITY_LIQUIDATION,True,-0.011958307444905558,0.027458307444905558,0.0155,True,stop,1.0,1,0.2,VOLATILITY_LIQUIDATION,False,2.190969388590289,-0.012998053503240015,21909.69388590289
2026-03-13,2026-03-20,0.142,-0.181,1,-1,-0.007145566512473387,0.004145566512473388,-0.005645566512473388,2026-03-13 21:00:00+00:00,2026-03-13,2026-03-20,2026-03-13,weekly_close,0.142,NEUTRAL,0.0108,6569.97,6930.59,1,6678.149155088477,6640.447219853207,-0.005645566512473388,0.0014999999999999996,-0.007145566512473387,1.0,6569.97,6930.59,False,False,VOLATILITY_LIQUIDATION,True,-0.005645566512473388,0.01644556651247339,0.0108,False,,1.0,1,0.142,VOLATILITY_LIQUIDATION,True,2.175313671097324,-0.020050741559873186,21753.13671097324
2026-03-20,2026-03-27,0.21,-0.121,1,-1,0.01625642097342711,-0.019256420973427113,0.01775642097342711,2026-03-20 21:00:00+00:00,2026-03-20,2026-03-27,2026-03-20,weekly_close,0.21,NEUTRAL,0.0113,6569.33,6861.51,1,6640.447219853207,6758.3577961407445,0.01775642097342711,0.0015000000000000013,0.01625642097342711,1.0,6569.33,6861.51,False,False,TREND_MOMENTUM_OVERRIDE,True,0.01775642097342711,-0.006456420973427112,0.0113,False,,1.0,1,0.21,IN_LINE_ACCURATE,True,2.210676485883933,-0.004120273882072922,22106.76485883933
2026-03-27,2026-04-03,0.244,0.058,1,1,0.001801917922647224,0.001801917922647224,0.003301917922647224,2026-03-27 21:00:00+00:00,2026-03-27,2026-04-03,2026-03-27,weekly_close,0.244,NEUTRAL,0.0194,6706.87,7071.82,1,6758.3577961407445,6780.673338875484,0.003301917922647224,0.0015,0.001801917922647224,1.0,6706.87,7071.82,False,False,VOLATILITY_LIQUIDATION,True,0.003301917922647224,0.016098082077352777,0.0194,False,,1.0,1,0.244,VOLATILITY_LIQUIDATION,True,2.214659943465022,-0.0023257803547801492,22146.59943465022
2026-04-03,2026-04-10,-0.264,0.114,-1,1,-0.007296866942278322,0.004296866942278323,-0.0057968669422783226,2026-04-03 21:00:00+00:00,2026-04-03,2026-04-10,2026-04-03,weekly_close,-0.264,BEARISH_BIAS,-0.0212,6453.83,6819.98,-1,6780.673338875484,6819.98,-0.0057968669422783226,0.0014999999999999996,-0.007296866942278322,1.0,6819.98,6453.83,True,False,VOLATILITY_LIQUIDATION,True,0.03434260280104673,-0.055542602801046725,-0.0212,True,stop,1.0,1,0.264,VOLATILITY_LIQUIDATION,False,2.198499864535164,-0.00960567638727261,21984.99864535164
2026-04-10,2026-04-17,0.34,0.023,1,0,0.000802347490587886,0.0,0.002302347490587886,2026-04-10 21:00:00+00:00,2026-04-10,2026-04-17,2026-04-10,weekly_close,0.34,BULLISH_BIAS,0.019,6971.55,7322.23,1,7013.539310076132,7029.6869147068255,0.002302347490587886,0.0015,0.000802347490587886,1.0,6971.55,7322.23,False,False,COUNTER_TREND_EXHAUSTION,True,0.002302347490587886,0.016697652509412114,0.019,False,,1.0,1,0.34,UNCLASSIFIED_DISPERSION,True,2.2002638253845315,-0.00881103598702948,22002.638253845314
2026-04-17,2026-04-24,-0.28,-0.084,-1,-1,0.011636310830566876,0.011636310830566876,0.013136310830566877,2026-04-17 21:00:00+00:00,2026-04-17,2026-04-24,2026-04-17,weekly_close,-0.28,BEARISH_BIAS,-0.0153,6767.33,7076.64,-1,7029.6869147068255,6937.342762353668,0.013136310830566877,0.0015000000000000013,0.011636310830566876,1.0,7076.64,6767.33,False,False,UNCLASSIFIED_DISPERSION,True,-0.013136310830566877,-0.002163689169433122,-0.0153,False,,1.0,1,0.28,IN_LINE_ACCURATE,True,2.225866779165958,0.0,22258.66779165958
2026-04-24,2026-05-01,0.025,0.003,0,0,0.0,0.0,0.0,2026-04-24 21:00:00+00:00,2026-04-24,2026-05-01,2026-04-24,weekly_close,0.025,NEUTRAL,0.0004,6766.73,7113.6,0,6937.342762353668,6937.342762353668,0.0,0.0,0.0,1.0,,,False,False,COUNTER_TREND_EXHAUSTION,True,0.01549806495342887,-0.01509806495342887,0.0004,False,,1.0,1,0.025,COUNTER_TREND_EXHAUSTION,True,2.225866779165958,0.0,22258.66779165958
2026-05-01,2026-05-08,0.111,0.033,1,0,-0.005339276741671171,0.0,-0.0038392767416711715,2026-05-01 21:00:00+00:00,2026-05-01,2026-05-08,2026-05-01,weekly_close,0.111,NEUTRAL,0.0052,6905.62,7257.86,1,7044.858151088825,7017.810991040978,-0.0038392767416711715,0.0014999999999999996,-0.005339276741671171,1.0,6905.62,7257.86,False,False,COUNTER_TREND_EXHAUSTION,True,-0.0038392767416711715,0.009039276741671171,0.0052,False,,1.0,1,0.111,UNCLASSIFIED_DISPERSION,True,2.213982260441899,-0.005339276741671006,22139.822604418987
2026-05-08,2026-05-15,-0.332,-0.014,-1,0,0.031124665611995173,0.0,0.032624665611995174,2026-05-08 21:00:00+00:00,2026-05-08,2026-05-15,2026-05-08,weekly_close,-0.332,BEARISH_BIAS,-0.0185,6733.79,7042.57,-1,7017.810991040978,6788.857254130081,0.032624665611995174,0.0015000000000000013,0.031124665611995173,1.0,7042.57,6733.79,False,False,UNCLASSIFIED_DISPERSION,True,-0.032624665611995174,0.014124665611995175,-0.0185,False,,1.0,1,0.332,IN_LINE_ACCURATE,True,2.2828917179690422,0.0,22828.917179690423
2026-05-15,2026-05-22,0.168,0.086,1,1,0.031981738879048704,0.031981738879048704,0.033481738879048706,2026-05-15 21:00:00+00:00,2026-05-15,2026-05-22,2026-05-15,weekly_close,0.168,NEUTRAL,0.0085,6676.71,7016.16,1,6788.857254130081,7016.16,0.033481738879048706,0.0015000000000000013,0.031981738879048704,1.0,6676.71,7016.16,False,True,COUNTER_TREND_EXHAUSTION,True,0.03458957916949945,-0.02608957916949945,0.0085,True,target,1.0,1,0.168,COUNTER_TREND_EXHAUSTION,False,2.355902564782271,0.0,23559.025647822713
2026-05-22,2026-05-29,-0.177,-0.022,-1,0,0.00939059602522635,0.0,0.010890596025226351,2026-05-22 21:00:00+00:00,2026-05-22,2026-05-29,2026-05-22,weekly_close,-0.177,NEUTRAL,-0.0094,6802.79,7111.83,-1,7023.680969592245,6947.188897542345,0.010890596025226351,0.0015000000000000013,0.00939059602522635,1.0,7111.83,6802.79,False,False,TREND_MOMENTUM_OVERRIDE,True,-0.010890596025226351,0.0014905960252263508,-0.0094,False,,1.0,1,0.177,IN_LINE_ACCURATE,True,2.3780258940429357,0.0,23780.258940429358
2026-05-29,2026-06-05,-0.273,0.027,-1,0,0.035419810490986026,0.0,0.03691981049098603,2026-05-29 21:00:00+00:00,2026-05-29,2026-06-05,2026-05-29,weekly_close,-0.273,BEARISH_BIAS,-0.0149,6690.7,6996.38,-1,6947.188897542345,6690.7,0.03691981049098603,0.0015000000000000013,0.035419810490986026,1.0,6996.38,6690.7,False,True,UNCLASSIFIED_DISPERSION,True,-0.05027559276808413,0.035375592768084135,-0.0149,True,target,1.0,1,0.273,UNCLASSIFIED_DISPERSION,False,2.462255120552594,0.0,24622.55120552594
2026-06-05,2026-06-12,0.772,-0.002,1,0,0.044410738299750785,0.0,0.045910738299750786,2026-06-05 21:00:00+00:00,2026-06-05,2026-06-12,2026-06-05,weekly_close,0.772,BULLISH_BIAS,0.0679,6900.83,7191.13,1,6597.914857646551,6900.83,0.045910738299750786,0.0015000000000000013,0.044410738299750785,1.0,6900.83,7191.13,True,False,UNCLASSIFIED_DISPERSION,True,-0.012267973436025703,0.0801679734360257,0.0679,True,stop,1.0,0,0.772,VOLATILITY_LIQUIDATION,False,2.5716056883386766,0.0,25716.056883386766
2026-06-12,2026-06-19,-0.623,-0.105,-1,-1,0.01688918701361236,0.01688918701361236,0.018389187013612363,2026-06-12 21:00:00+00:00,2026-06-12,2026-06-19,2026-06-12,weekly_close,-0.623,BEARISH_BIAS,-0.0434,6071.28,6397.13,-1,6516.9718134397845,6397.13,0.018389187013612363,0.0015000000000000013,0.01688918701361236,1.0,6397.13,6071.28,True,False,COUNTER_TREND_EXHAUSTION,True,-0.00880378537954507,-0.03459621462045493,-0.0434,True,stop,1.0,0,0.623,COUNTER_TREND_EXHAUSTION,False,2.615038017734298,0.0,26150.380177342977
2026-06-19,2026-06-26,-0.207,0.1,-1,1,-0.012383372307547658,0.009383372307547655,-0.010883372307547656,2026-06-19 21:00:00+00:00,2026-06-19,2026-06-26,2026-06-19,weekly_close,-0.207,NEUTRAL,-0.0111,6245.68,6529.9,-1,6459.597792269716,6529.9,-0.010883372307547656,0.0015000000000000013,-0.012383372307547658,1.0,6529.9,6245.68,True,False,UNCLASSIFIED_DISPERSION,True,0.01725141438426503,-0.028351414384265028,-0.0111,True,stop,1.0,0,0.207,MACRO_DECOUPLING,False,2.582655028362302,-0.012383372307547824,25826.550283623023
2026-06-26,2026-07-03,0.649,0.03,1,0,0.020272066297946145,0.0,0.021772066297946147,2026-06-26 21:00:00+00:00,2026-06-26,2026-07-03,2026-06-26,weekly_close,0.649,BULLISH_BIAS,0.0468,6714.1,7042.65,1,6571.034990539843,6714.1,0.021772066297946147,0.0015000000000000013,0.020272066297946145,1.0,6714.1,7042.65,True,False,COUNTER_TREND_EXHAUSTION,True,0.002027669626285089,0.04477233037371491,0.0468,True,stop,1.0,0,0.649,VOLATILITY_LIQUIDATION,False,2.6350107823219866,0.0,26350.107823219867
2026-07-03,2026-07-10,-0.042,0.077,0,1,0.0,0.01826215510054069,0.0,2026-07-03 21:00:00+00:00,2026-07-03,2026-07-10,2026-07-03,weekly_close,-0.042,NEUTRAL,-0.0022,6424.77,6714.48,0,6584.358878603417,6584.358878603417,0.0,0.0,0.0,1.0,,,False,False,UNCLASSIFIED_DISPERSION,True,0.02560421729995066,-0.02780421729995066,-0.0022,False,,1.0,0,0.042,COUNTER_TREND_EXHAUSTION,False,2.6350107823219866,0.0,26350.107823219867
2026-07-10,2026-07-17,-0.044,0.083,0,1,0.0,-0.025826601814510075,0.0,2026-07-10 21:00:00+00:00,2026-07-10,2026-07-17,2026-07-10,weekly_close,-0.044,NEUTRAL,-0.0023,6588.67,6885.8,0,6752.946234112039,6752.946234112039,0.0,0.0,0.0,1.0,,,False,False,UNCLASSIFIED_DISPERSION,True,-0.02741141161235905,0.02511141161235905,-0.0023,False,,1.0,0,0.044,UNCLASSIFIED_DISPERSION,False,2.6350107823219866,0.0,26350.107823219867
2026-07-17,2026-07-24,0.201,-0.029,1,0,0.002029626820526932,0.0,0.003529626820526932,2026-07-17 21:00:00+00:00,2026-07-17,2026-07-24,2026-07-17,weekly_close,0.201,NEUTRAL,0.0156,6493.03,6847.7,1,6567.838445292664,6591.020464022056,0.003529626820526932,0.0015,0.002029626820526932,1.0,6493.03,6847.7,False,False,VOLATILITY_LIQUIDATION,True,0.003529626820526932,0.012070373179473067,0.0156,False,,1.0,0,0.201,IN_LINE_ACCURATE,True,2.6403588708781647,0.0,26403.588708781648
2026-07-24,2026-07-31,0.413,0.02,1,0,0.015014341393303987,0.0,0.01651434139330399,2026-07-24 21:00:00+00:00,2026-07-24,2026-07-31,2026-07-24,weekly_close,0.413,BULLISH_BIAS,0.0378,6662.5,7018.42,1,6591.020464022056,6699.866826095169,0.01651434139330399,0.0015000000000000013,0.015014341393303987,1.0,6662.5,7018.42,False,False,VOLATILITY_LIQUIDATION,True,0.01651434139330399,0.021285658606696012,0.0378,False,,1.0,0,0.413,COUNTER_TREND_EXHAUSTION,True,2.680002120366368,0.0,26800.02120366368
2026-07-31,2026-08-07,-0.351,-0.027,-1,0,0.040204832849344785,0.0,0.041704832849344786,2026-07-31 21:00:00+00:00,2026-07-31,2026-08-07,2026-07-31,weekly_close,-0.351,BEARISH_BIAS,-0.0197,6420.45,6715.24,-1,6699.866826095169,6420.45,0.041704832849344786,0.0015000000000000013,0.040204832849344785,1.0,6715.24,6420.45,False,True,UNCLASSIFIED_DISPERSION,True,-0.048173005274818825,0.028473005274818827,-0.0197,True,target,1.0,0,0.351,COUNTER_TREND_EXHAUSTION,False,2.7877511576515874,0.0,27877.511576515873
2026-08-07,2026-08-14,0.062,0.169,1,1,-0.011854105105228496,-0.011854105105228496,-0.010354105105228495,2026-08-07 21:00:00+00:00,2026-08-07,2026-08-14,2026-08-07,weekly_close,0.062,NEUTRAL,0.0025,6233.31,6552.17,1,6377.114106141103,6311.084796418082,-0.010354105105228495,0.0015000000000000013,-0.011854105105228496,1.0,6233.31,6552.17,False,False,COUNTER_TREND_EXHAUSTION,True,-0.010354105105228495,0.012854105105228495,0.0025,False,,1.0,0,0.062,UNCLASSIFIED_DISPERSION,True,2.754704862421563,-0.011854105105228552,27547.04862421563
2026-08-14,2026-08-21,-0.228,0.11,-1,1,0.00048262851824015926,-0.0034826285182401593,0.0019826285182401593,2026-08-14 21:00:00+00:00,2026-08-14,2026-08-21,2026-08-14,weekly_close,-0.228,NEUTRAL,-0.0123,6094.52,6372.2,-1,6311.084796418082,6298.572259719672,0.0019826285182401593,0.0015,0.00048262851824015926,1.0,6372.2,6094.52,False,False,UNCLASSIFIED_DISPERSION,True,-0.0019826285182401593,-0.010317371481759841,-0.0123,False,,1.0,0,0.228,IN_LINE_ACCURATE,True,2.7560343615475027,-0.011377197716170295,27560.343615475027
2026-08-21,2026-08-28,-0.39,0.063,-1,1,-0.0012932452521026692,-0.0017067547478973309,0.00020675474789733084,2026-08-21 21:00:00+00:00,2026-08-21,2026-08-28,2026-08-21,weekly_close,-0.39,BEARISH_BIAS,-0.0222,6020.14,6297.27,-1,6298.572259719672,6297.27,0.00020675474789733084,0.0015,-0.0012932452521026692,1.0,6297.27,6020.14,True,False,UNCLASSIFIED_DISPERSION,True,0.04160462537137777,-0.06380462537137777,-0.0222,True,stop,1.0,0,0.39,UNCLASSIFIED_DISPERSION,False,2.7524701331948,-0.01265572946134419,27524.701331948
2026-08-28,2026-09-04,0.098,0.055,1,1,-0.020169266264582764,-0.020169266264582764,-0.018669266264582762,2026-08-28 21:00:00+00:00,2026-08-28,2026-09-04,2026-08-28,weekly_close,0.098,NEUTRAL,0.0043,6438.14,6739.93,1,6560.621998959861,6438.14,-0.018669266264582762,0.0015000000000000013,-0.020169266264582764,1.0,6438.14,6739.93,True,False,MACRO_DECOUPLING,True,-0.0340241739920788,0.0383241739920788,0.0043,True,stop,1.0,0,0.098,UNCLASSIFIED_DISPERSION,False,2.6969548301930826,-0.03256973894864845,26969.548301930827
2026-09-04,2026-09-11,0.309,0.08,1,1,-0.00640772927480787,-0.00640772927480787,-0.0049077292748078705,2026-09-04 21:00:00+00:00,2026-09-04,2026-09-11,2026-09-04,weekly_close,0.309,BULLISH_BIAS,0.0171,6306.3,6585.14,1,6337.402254570991,6306.3,-0.0049077292748078705,0.0014999999999999996,-0.00640772927480787,1.0,6306.3,6585.14,True,False,UNCLASSIFIED_DISPERSION,True,-0.013642468304194022,0.030742468304194023,0.0171,True,stop,1.0,0,0.309,UNCLASSIFIED_DISPERSION,False,2.67967347377482,-0.038768770153722265,26796.7347377482
2026-09-11,2026-09-18,0.189,0.017,1,0,-0.0006836530050630661,0.0,0.000816346994936934,2026-09-11 21:00:00+00:00,2026-09-11,2026-09-18,2026-09-11,weekly_close,0.189,NEUTRAL,0.0101,6176.87,6451.91,1,6250.944445182079,6256.047384895422,0.000816346994936934,0.0015,-0.0006836530050630661,1.0,6176.87,6451.91,False,False,UNCLASSIFIED_DISPERSION,True,0.000816346994936934,0.009283653005063066,0.0101,False,,1.0,0,0.189,IN_LINE_ACCURATE,True,2.677841506951886,-0.03942591877256707,26778.415069518862
